{
	"dependencies": "netherendingores",
	"populate": {
		"overworld-quartz": {
			"distribution": "uniform",
			"generator": {
				"block": {
					"name": "netherendingores:ore_other_1",
					"properties": {
						"blocks": "overworld_quartz_ore"
					}
				},
				"material": "minecraft:stone",
				"cluster-size": 8
			},
			"cluster-count": 10,
			"min-height": 0,
			"max-height": 64,
			"retrogen": false,
			"biome": "all",
			"dimension": {
				"restriction": "blacklist",
				"value": [
					-1,
					1
				]
			}
		}
	}
}
