{
	"dependencies": "netherendingores",
	"populate": {
		"nether-coal": {
			"distribution": "uniform",
			"generator": {
				"block": "netherendingores:ore_nether_vanilla",
				"material": "minecraft:netherrack",
				"cluster-size": 16
			},
			"cluster-count": 8,
			"min-height": 10,
			"max-height": 118,
			"retrogen": "true",
			"biome": "all",
			"dimension": {
				"restriction": "whitelist",
				"value": [
					-1
				]
			}
		},
		"nether-diamond": {
			"distribution": "uniform",
			"generator": {
				"block": {
					"name": "netherendingores:ore_nether_vanilla",
					"metadata": 1
				},
				"material": "minecraft:netherrack",
				"cluster-size": 3
			},
			"cluster-count": 4,
			"min-height": 10,
			"max-height": 118,
			"retrogen": "true",
			"biome": "all",
			"dimension": {
				"restriction": "whitelist",
				"value": [
					-1
				]
			}
		},
		"nether-emerald": {
			"distribution": "uniform",
			"generator": {
				"block": {
					"name": "netherendingores:ore_nether_vanilla",
					"metadata": 2
				},
				"material": "minecraft:netherrack",
				"cluster-size": 2
			},
			"cluster-count": 3,
			"min-height": 10,
			"max-height": 118,
			"retrogen": "true",
			"biome": "all",
			"dimension": {
				"restriction": "whitelist",
				"value": [
					-1
				]
			}
		},
		"nether-gold": {
			"distribution": "uniform",
			"generator": {
				"block": {
					"name": "netherendingores:ore_nether_vanilla",
					"metadata": 3
				},
				"material": "minecraft:netherrack",
				"cluster-size": 6
			},
			"cluster-count": 8,
			"min-height": 10,
			"max-height": 118,
			"retrogen": "true",
			"biome": "all",
			"dimension": {
				"restriction": "whitelist",
				"value": [
					-1
				]
			}
		},
		"nether-iron": {
			"distribution": "uniform",
			"generator": {
				"block": {
					"name": "netherendingores:ore_nether_vanilla",
					"metadata": 4
				},
				"material": "minecraft:netherrack",
				"cluster-size": 8
			},
			"cluster-count": 8,
			"min-height": 10,
			"max-height": 118,
			"retrogen": "true",
			"biome": "all",
			"dimension": {
				"restriction": "whitelist",
				"value": [
					-1
				]
			}
		},
		"nether-lapis": {
			"distribution": "uniform",
			"generator": {
				"block": {
					"name": "netherendingores:ore_nether_vanilla",
					"metadata": 5
				},
				"material": "minecraft:netherrack",
				"cluster-size": 6
			},
			"cluster-count": 6,
			"min-height": 10,
			"max-height": 118,
			"retrogen": "true",
			"biome": "all",
			"dimension": {
				"restriction": "whitelist",
				"value": [
					-1
				]
			}
		},
		"nether-redstone": {
			"distribution": "uniform",
			"generator": {
				"block": {
					"name": "netherendingores:ore_nether_vanilla",
					"metadata": 6
				},
				"material": "minecraft:netherrack",
				"cluster-size": 8
			},
			"cluster-count": 6,
			"min-height": 10,
			"max-height": 118,
			"retrogen": "true",
			"biome": "all",
			"dimension": {
				"restriction": "whitelist",
				"value": [
					-1
				]
			}
		}
	}
}
