{
	"dependencies": "netherendingores",
	"populate": {
		"end-quartz": {
			"distribution": "uniform",
			"generator": {
				"block": {
					"name": "netherendingores:ore_other_1",
					"properties": {
						"blocks": "end_quartz_ore"
					}
				},
				"material": "minecraft:end_stone",
				"cluster-size": 7
			},
			"cluster-count": 8,
			"min-height": 10,
			"max-height": 55,
			"retrogen": false,
			"biome": "all",
			"dimension": {
				"restriction": "whitelist",
				"value": [
					1
				]
			}
		}
	}
}
